{
  "image_size": [
    640,
    512
  ],
  "focal_length": 529.412,
  "principal_point": [
    320,
    256
  ],
  "distortion": {
    "radial": {
      "r1": -0.283796,
      "r2": 0.100312,
      "r3": -0.0221664
    },
    "tangential": {
      "t1": -0.000132595,
      "t2": 0.000043513
    }
  }
}